"DESCRIPTION","DURATION IN MS","NAME","PARENT SUITE","START TIME","STATUS","STOP TIME","SUB SUITE","SUITE","TEST CLASS","TEST METHOD"
"Test validation schema with empty fields","3","Fail to update if payload contains empty/None fields","FinMate Backend","2026-08-02","passed","2026-08-02","TestProfileUpdate","Unit Tests","",""
"","11","Successfully update category via API","FinMate Backend","2026-08-02","passed","2026-08-02","TestUpdateCategory","Integration Tests","",""
"","14","Retrieve stats when multiple budgets exist","FinMate Backend","2026-08-02","passed","2026-08-02","TestGetBudgets","Unit Tests","",""
"","1","Fail to retrieve categories without authorization","FinMate Backend","2026-08-02","passed","2026-08-02","TestGetCategories","Integration Tests","",""
"","1","Calculate percentage change (current=0, previous=0)","FinMate Backend","2026-08-02","passed","2026-08-02","TestDashboardStaticMethods","Unit Tests","",""
"","40","Successfully retrieve default dashboard data","FinMate Backend","2026-08-02","passed","2026-08-02","TestGetDashboard","Integration Tests","",""
"","3","API Validation errors on transaction creation","FinMate Backend","2026-08-02","passed","2026-08-02","TestCreateTransactions","Integration Tests","",""
"","4","Fail to delete non-existent transaction","FinMate Backend","2026-08-02","passed","2026-08-02","TestDeleteTransactions","Integration Tests","",""
"","2","Successfully delete an existing budget","FinMate Backend","2026-08-02","passed","2026-08-02","TestDeleteBudget","Unit Tests","",""
"","1","Return empty list for a non-existent user","FinMate Backend","2026-08-02","passed","2026-08-02","TestGetCategories","Unit Tests","",""
"","2","Fail to update Monobank token with invalid data length","FinMate Backend","2026-08-02","passed","2026-08-02","TestChangeToken","Integration Tests","",""
"Transaction not found or access denied.","2","Fail to retrieve non-existent transaction","FinMate Backend","2026-08-02","passed","2026-08-02","TestGetTransaction","Unit Tests","",""
"","2","Fail to change password without authorization","FinMate Backend","2026-08-02","passed","2026-08-02","TestChangePassword","Integration Tests","",""
"","1","Validation fails on invalid date payloads","FinMate Backend","2026-08-02","passed","2026-08-02","TestGeneratePDFReport","Unit Tests","",""
"","1","Fail to update category with invalid icon","FinMate Backend","2026-08-02","passed","2026-08-02","TestUpdateCategory","Unit Tests","",""
"","12","Validation errors on invalid payload during creation","FinMate Backend","2026-08-02","passed","2026-08-02","TestCreateBudget","Unit Tests","",""
"","1","Fail to delete transaction without authorization","FinMate Backend","2026-08-02","passed","2026-08-02","TestDeleteTransactions","Integration Tests","",""
"","4","API Validation errors on transaction creation","FinMate Backend","2026-08-02","passed","2026-08-02","TestCreateTransactions","Integration Tests","",""
"","7","API Validation errors on transaction update","FinMate Backend","2026-08-02","passed","2026-08-02","TestUpdateTransactions","Integration Tests","",""
"","8","API Validation errors on category update","FinMate Backend","2026-08-02","passed","2026-08-02","TestUpdateCategory","Integration Tests","",""
"","2","Fail to delete non-existent budget","FinMate Backend","2026-08-02","passed","2026-08-02","TestDeleteBudget","Unit Tests","",""
"","2","API Validation errors on registration","FinMate Backend","2026-08-02","passed","2026-08-02","TestRegister","Integration Tests","",""
"","2","Fail to update category without authorization","FinMate Backend","2026-08-02","passed","2026-08-02","TestUpdateCategory","Integration Tests","",""
"","12","Successfully update transaction via API","FinMate Backend","2026-08-02","passed","2026-08-02","TestUpdateTransactions","Integration Tests","",""
"","2","API Validation errors on registration","FinMate Backend","2026-08-02","passed","2026-08-02","TestRegister","Integration Tests","",""
"","6","Handle Redis worker error (Status: error) and update DB to FAILED","FinMate Backend","2026-08-02","passed","2026-08-02","TestGetReportStatus","Integration Tests","",""
"","14","Retrieve stats for a budget with zero spent amount","FinMate Backend","2026-08-02","passed","2026-08-02","TestGetBudgets","Unit Tests","",""
"","7","Successfully create transaction via API","FinMate Backend","2026-08-02","passed","2026-08-02","TestCreateTransactions","Integration Tests","",""
"","3","Fail update if payload contains empty/None values","FinMate Backend","2026-08-02","passed","2026-08-02","TestUpdateTransaction","Unit Tests","",""
"Successful transaction creation","2","Successfully create a manual transaction","FinMate Backend","2026-08-02","passed","2026-08-02","TestCreateTransaction","Unit Tests","",""
"","1","API Validation error on invalid report ID format","FinMate Backend","2026-08-02","passed","2026-08-02","TestGetReportStatus","Integration Tests","",""
"","13","Successfully update transaction via API","FinMate Backend","2026-08-02","passed","2026-08-02","TestUpdateTransactions","Integration Tests","",""
"","2","API Validation errors on transaction creation","FinMate Backend","2026-08-02","passed","2026-08-02","TestCreateTransactions","Integration Tests","",""
"Successful non-synchronized transaction update","2","Successfully update non-synchronized transaction fields","FinMate Backend","2026-08-02","passed","2026-08-02","TestUpdateTransaction","Unit Tests","",""
"Test MonoToken update for a non-existent user","2","Fail to update Monobank token for non-existent user","FinMate Backend","2026-08-02","passed","2026-08-02","TestUpdateMonoToken","Unit Tests","",""
"","3","API Validation errors on invalid date ranges","FinMate Backend","2026-08-02","passed","2026-08-02","TestGenerateReport","Integration Tests","",""
"Successful update of allowed fields for a synchronized transaction","2","Update allowed fields (category/note) for a synchronized transaction","FinMate Backend","2026-08-02","passed","2026-08-02","TestUpdateTransaction","Unit Tests","",""
"","2","API Validation errors on registration","FinMate Backend","2026-08-02","passed","2026-08-02","TestRegister","Integration Tests","",""
"","12","API Validation errors on budget update","FinMate Backend","2026-08-02","passed","2026-08-02","TestUpdateBudgets","Integration Tests","",""
"","7","API Validation errors on transaction update","FinMate Backend","2026-08-02","passed","2026-08-02","TestUpdateTransactions","Integration Tests","",""
"","6","Successfully create transaction via API","FinMate Backend","2026-08-02","passed","2026-08-02","TestCreateTransactions","Integration Tests","",""
"Test MonoToken update with invalid token","1","Validation errors on invalid Monobank API token","FinMate Backend","2026-08-02","passed","2026-08-02","TestUpdateMonoToken","Unit Tests","",""
"","2","API Validation errors on transaction creation","FinMate Backend","2026-08-02","passed","2026-08-02","TestCreateTransactions","Integration Tests","",""
"","3","Fail to update Monobank token with empty payload","FinMate Backend","2026-08-02","passed","2026-08-02","TestChangeToken","Integration Tests","",""
"Validation error for invalid input data","1","Validation errors on invalid transaction payloads","FinMate Backend","2026-08-02","passed","2026-08-02","TestCreateTransaction","Unit Tests","",""
"Test validation schema with empty fields","1","Fail to update if payload contains empty/None fields","FinMate Backend","2026-08-02","passed","2026-08-02","TestProfileUpdate","Unit Tests","",""
"","2","Successfully logout user (wipes refresh token, blacklists access)","FinMate Backend","2026-08-02","passed","2026-08-02","TestLogoutUser","Unit Tests","",""
"","7","API Validation errors on transaction update","FinMate Backend","2026-08-02","passed","2026-08-02","TestUpdateTransactions","Integration Tests","",""
"Validation error for invalid input data","1","Validation errors on invalid transaction payloads","FinMate Backend","2026-08-02","passed","2026-08-02","TestCreateTransaction","Unit Tests","",""
"","11","Successfully delete transaction via API","FinMate Backend","2026-08-02","passed","2026-08-02","TestDeleteTransactions","Integration Tests","",""
"","2","Successfully retrieve user profile data","FinMate Backend","2026-08-02","passed","2026-08-02","TestProfileGet","Unit Tests","",""
"Verify that the method raises an error when the user is not found","1","Fail recalculation for non-existent user","FinMate Backend","2026-08-02","passed","2026-08-02","TestRecalculateInitialPoint","Unit Tests","",""
"","3","Return 400 Bad Request if report generation FAILED","FinMate Backend","2026-08-02","passed","2026-08-02","TestGetReportStatus","Integration Tests","",""
"","3","Return empty list if user has no report history","FinMate Backend","2026-08-02","passed","2026-08-02","TestGetReportHistory","Integration Tests","",""
"Test validation schema with no valid fields","1","Validation errors on invalid profile fields","FinMate Backend","2026-08-02","passed","2026-08-02","TestProfileUpdate","Unit Tests","",""
"Test validation schema with empty fields","1","Fail to update if payload contains empty/None fields","FinMate Backend","2026-08-02","passed","2026-08-02","TestProfileUpdate","Unit Tests","",""
"","1","Fail to delete non-existent category","FinMate Backend","2026-08-02","passed","2026-08-02","TestDeleteCategory","Unit Tests","",""
"Test updating a non-existent user","1","Fail to update non-existent user","FinMate Backend","2026-08-02","passed","2026-08-02","TestProfileUpdate","Unit Tests","",""
"","1","Fail to update profile without authorization","FinMate Backend","2026-08-02","passed","2026-08-02","TestUpdateUser","Integration Tests","",""
"","1","Validation errors on invalid payload during creation","FinMate Backend","2026-08-02","passed","2026-08-02","TestCreateCategory","Unit Tests","",""
"","4","Successful login (remember_me=True)","FinMate Backend","2026-08-02","passed","2026-08-02","TestLoginUser","Unit Tests","",""
"Validation error for invalid input data","1","Validation errors on invalid transaction payloads","FinMate Backend","2026-08-02","passed","2026-08-02","TestCreateTransaction","Unit Tests","",""
"","3","Successfully update an existing category","FinMate Backend","2026-08-02","passed","2026-08-02","TestUpdateCategory","Unit Tests","",""
"","1","Fail to retrieve profile without authorization","FinMate Backend","2026-08-02","passed","2026-08-02","TestGetUser","Integration Tests","",""
"","1","Validation errors on invalid category update","FinMate Backend","2026-08-02","passed","2026-08-02","TestUpdateCategory","Unit Tests","",""
"","1","Fail status check if user does not own the report (Access Denied)","FinMate Backend","2026-08-02","passed","2026-08-02","TestGetReportStatus","Unit Tests","",""
"","3","API Validation errors on transaction creation","FinMate Backend","2026-08-02","passed","2026-08-02","TestCreateTransactions","Integration Tests","",""
"","13","Successfully update category via API","FinMate Backend","2026-08-02","passed","2026-08-02","TestUpdateCategory","Integration Tests","",""
"","2","API Validation errors on transaction creation","FinMate Backend","2026-08-02","passed","2026-08-02","TestCreateTransactions","Integration Tests","",""
"","1","Sync fails if user is not found in database","FinMate Backend","2026-08-02","passed","2026-08-02","TestMonobankService","Unit Tests","",""
"","1","Fail to update budget without authorization","FinMate Backend","2026-08-02","passed","2026-08-02","TestUpdateBudgets","Integration Tests","",""
"Test validation schema with no valid fields","1","Validation errors on invalid profile fields","FinMate Backend","2026-08-02","passed","2026-08-02","TestProfileUpdate","Unit Tests","",""
"Test password change with invalid old password","87","Fail to change password with incorrect old password","FinMate Backend","2026-08-02","passed","2026-08-02","TestChangePassword","Unit Tests","",""
"Attempting to update forbidden fields of a synchronized transaction","4","Fail to update forbidden fields for a synchronized transaction","FinMate Backend","2026-08-02","passed","2026-08-02","TestUpdateTransaction","Unit Tests","",""
"Test successful user update","2","Successfully update valid user fields","FinMate Backend","2026-08-02","passed","2026-08-02","TestProfileUpdate","Unit Tests","",""
"Validation error for invalid input data","1","Validation errors on invalid transaction payloads","FinMate Backend","2026-08-02","passed","2026-08-02","TestCreateTransaction","Unit Tests","",""
"","101","Retrieve all budgets with valid statistics (is_recurring=True)","FinMate Backend","2026-08-02","passed","2026-08-02","TestGetBudgets","Unit Tests","",""
"Validation error for invalid input data","1","Validation errors on invalid transaction payloads","FinMate Backend","2026-08-02","passed","2026-08-02","TestCreateTransaction","Unit Tests","",""
"Validation error for invalid input data during transaction update","1","Validation errors on invalid transaction fields during update","FinMate Backend","2026-08-02","passed","2026-08-02","TestUpdateTransaction","Unit Tests","",""
"","8","API Validation errors on transaction update","FinMate Backend","2026-08-02","passed","2026-08-02","TestUpdateTransactions","Integration Tests","",""
"","1","Validation errors on invalid payload during creation","FinMate Backend","2026-08-02","passed","2026-08-02","TestCreateCategory","Unit Tests","",""
"","2","Correctly select the 'black' UAH card from multiple accounts","FinMate Backend","2026-08-02","passed","2026-08-02","TestMonobankService","Unit Tests","",""
"","9","API Validation errors on category update","FinMate Backend","2026-08-02","passed","2026-08-02","TestUpdateCategory","Integration Tests","",""
"Test validation schema with empty fields","2","Fail to update if payload contains empty/None fields","FinMate Backend","2026-08-02","passed","2026-08-02","TestProfileUpdate","Unit Tests","",""
"","1","Validation errors on invalid payload during creation","FinMate Backend","2026-08-02","passed","2026-08-02","TestCreateCategory","Unit Tests","",""
"Validation error for invalid input data during transaction update","1","Validation errors on invalid transaction fields during update","FinMate Backend","2026-08-02","passed","2026-08-02","TestUpdateTransaction","Unit Tests","",""
"","3","Fail to delete non-existent budget","FinMate Backend","2026-08-02","passed","2026-08-02","TestDeleteBudgets","Integration Tests","",""
"Verify the method handles None values correctly","3","Handle None values gracefully during recalculation","FinMate Backend","2026-08-02","passed","2026-08-02","TestRecalculateInitialPoint","Unit Tests","",""
"Validation error for invalid input data during transaction update","1","Validation errors on invalid transaction fields during update","FinMate Backend","2026-08-02","passed","2026-08-02","TestUpdateTransaction","Unit Tests","",""
"","5","Successful login (remember_me=False)","FinMate Backend","2026-08-02","passed","2026-08-02","TestLoginUser","Unit Tests","",""
"","4","Fail to delete non-existent account (Invalid Token ID)","FinMate Backend","2026-08-02","passed","2026-08-02","TestDeleteAccount","Integration Tests","",""
"Test successful user update","2","Successfully update valid user fields","FinMate Backend","2026-08-02","passed","2026-08-02","TestProfileUpdate","Unit Tests","",""
"","3","API Validation errors on registration","FinMate Backend","2026-08-02","passed","2026-08-02","TestRegister","Integration Tests","",""
"","2","API Validation errors on transaction creation","FinMate Backend","2026-08-02","passed","2026-08-02","TestCreateTransactions","Integration Tests","",""
"Test validation schema with no valid fields","1","Validation errors on invalid profile fields","FinMate Backend","2026-08-02","passed","2026-08-02","TestProfileUpdate","Unit Tests","",""
"Test validation schema with empty fields","1","Fail to update if payload contains empty/None fields","FinMate Backend","2026-08-02","passed","2026-08-02","TestProfileUpdate","Unit Tests","",""
"","2","API Validation errors on budget creation","FinMate Backend","2026-08-02","passed","2026-08-02","TestCreateBudgets","Integration Tests","",""
"","3","Fail to rename the 'Uncategorized' default category","FinMate Backend","2026-08-02","passed","2026-08-02","TestUpdateCategory","Unit Tests","",""
"Transaction not found or access denied","2","Fail to update non-existent transaction","FinMate Backend","2026-08-02","passed","2026-08-02","TestUpdateTransaction","Unit Tests","",""
"","2","Fail to create category with invalid icon","FinMate Backend","2026-08-02","passed","2026-08-02","TestCreateCategory","Unit Tests","",""
"","8","API Validation errors on transaction update","FinMate Backend","2026-08-02","passed","2026-08-02","TestUpdateTransactions","Integration Tests","",""
"Successful non-synchronized transaction update","2","Successfully update non-synchronized transaction fields","FinMate Backend","2026-08-02","passed","2026-08-02","TestUpdateTransaction","Unit Tests","",""
"","1","Fail to create transaction without authorization","FinMate Backend","2026-08-02","passed","2026-08-02","TestCreateTransactions","Integration Tests","",""
"","1","Calculate previous period start date (period=week)","FinMate Backend","2026-08-02","passed","2026-08-02","TestDashboardStaticMethods","Unit Tests","",""
"","8","Map expired links to null inside report history","FinMate Backend","2026-08-02","passed","2026-08-02","TestGetReportHistory","Integration Tests","",""
"Validation error for invalid input data","1","Validation errors on invalid transaction payloads","FinMate Backend","2026-08-02","passed","2026-08-02","TestCreateTransaction","Unit Tests","",""
"Test password change with invalid input data","1","Validation errors on invalid password payloads","FinMate Backend","2026-08-02","passed","2026-08-02","TestChangePassword","Unit Tests","",""
"","12","Successfully update transaction via API","FinMate Backend","2026-08-02","passed","2026-08-02","TestUpdateTransactions","Integration Tests","",""
"","15","Successfully create a new budget","FinMate Backend","2026-08-02","passed","2026-08-02","TestCreateBudget","Unit Tests","",""
"","3","Successfully synchronize new transactions","FinMate Backend","2026-08-02","passed","2026-08-02","TestMonobankService","Unit Tests","",""
"","15","Fail to start generation if existing report is still PENDING","FinMate Backend","2026-08-02","passed","2026-08-02","TestGenerateReport","Integration Tests","",""
"","2","API Validation errors on transaction creation","FinMate Backend","2026-08-02","passed","2026-08-02","TestCreateTransactions","Integration Tests","",""
"","6","Successfully update user profile data","FinMate Backend","2026-08-02","passed","2026-08-02","TestUpdateUser","Integration Tests","",""
"Validation error for invalid input data","1","Validation errors on invalid transaction payloads","FinMate Backend","2026-08-02","passed","2026-08-02","TestCreateTransaction","Unit Tests","",""
"","2","API Validation errors on budget creation","FinMate Backend","2026-08-02","passed","2026-08-02","TestCreateBudgets","Integration Tests","",""
"","2","Fails when period is invalid","FinMate Backend","2026-08-02","passed","2026-08-02","TestDashboardService","Unit Tests","",""
"","2","Fail to create category when max limit reached","FinMate Backend","2026-08-02","passed","2026-08-02","TestCreateCategory","Unit Tests","",""
"","4","Fail to retrieve non-existent transaction","FinMate Backend","2026-08-02","passed","2026-08-02","TestGetTransactions","Integration Tests","",""
"","2","Fail to create category without authorization","FinMate Backend","2026-08-02","passed","2026-08-02","TestCreateCategory","Integration Tests","",""
"Test validation schema with empty fields","1","Fail to update if payload contains empty/None fields","FinMate Backend","2026-08-02","passed","2026-08-02","TestProfileUpdate","Unit Tests","",""
"Successful non-synchronized transaction update","2","Successfully update non-synchronized transaction fields","FinMate Backend","2026-08-02","passed","2026-08-02","TestUpdateTransaction","Unit Tests","",""
"","14","Retrieve stats for a budget with zero total amount","FinMate Backend","2026-08-02","passed","2026-08-02","TestGetBudgets","Unit Tests","",""
"","13","Validation errors on invalid payload during creation","FinMate Backend","2026-08-02","passed","2026-08-02","TestCreateBudget","Unit Tests","",""
"","1","Validation fails on invalid date payloads","FinMate Backend","2026-08-02","passed","2026-08-02","TestGeneratePDFReport","Unit Tests","",""
"","12","Validation errors on invalid payload during creation","FinMate Backend","2026-08-02","passed","2026-08-02","TestCreateBudget","Unit Tests","",""
"","9","Return existing PROCESSED report URL instead of regenerating","FinMate Backend","2026-08-02","passed","2026-08-02","TestGenerateReport","Integration Tests","",""
"","18","Successfully initiate report generation and queue in Redis","FinMate Backend","2026-08-02","passed","2026-08-02","TestGenerateReport","Integration Tests","",""
"","1","Fail to generate report without authorization","FinMate Backend","2026-08-02","passed","2026-08-02","TestGenerateReport","Integration Tests","",""
"","2","Logout with already expired token (skips Redis blacklist)","FinMate Backend","2026-08-02","passed","2026-08-02","TestLogoutUser","Unit Tests","",""
"Test password change with invalid input data","1","Validation errors on invalid password payloads","FinMate Backend","2026-08-02","passed","2026-08-02","TestChangePassword","Unit Tests","",""
"","1","Validation errors on invalid payload during creation","FinMate Backend","2026-08-02","passed","2026-08-02","TestCreateCategory","Unit Tests","",""
"","1","Fail to retrieve budgets without authorization","FinMate Backend","2026-08-02","passed","2026-08-02","TestGetBudgets","Integration Tests","",""
"","3","Fail to create category with duplicate name","FinMate Backend","2026-08-02","passed","2026-08-02","TestCreateCategory","Unit Tests","",""
"Test validation schema with no valid fields","1","Validation errors on invalid profile fields","FinMate Backend","2026-08-02","passed","2026-08-02","TestProfileUpdate","Unit Tests","",""
"","4","Fail report generation if user no longer exists in DB","FinMate Backend","2026-08-02","passed","2026-08-02","TestGenerateReport","Integration Tests","",""
"","183","Fail registration if user already exists (Conflict)","FinMate Backend","2026-08-02","passed","2026-08-02","TestRegister","Integration Tests","",""
"Test password change with invalid input data","1","Validation errors on invalid password payloads","FinMate Backend","2026-08-02","passed","2026-08-02","TestChangePassword","Unit Tests","",""
"Validation error for invalid input data during transaction update","1","Validation errors on invalid transaction fields during update","FinMate Backend","2026-08-02","passed","2026-08-02","TestUpdateTransaction","Unit Tests","",""
"","1","Validation fails on invalid date payloads","FinMate Backend","2026-08-02","passed","2026-08-02","TestGeneratePDFReport","Unit Tests","",""
"","1","Validation fails on invalid date payloads","FinMate Backend","2026-08-02","passed","2026-08-02","TestGeneratePDFReport","Unit Tests","",""
"","183","Fail registration if user already exists (Conflict)","FinMate Backend","2026-08-02","passed","2026-08-02","TestRegister","Integration Tests","",""
"","2","API Validation errors on budget creation","FinMate Backend","2026-08-02","passed","2026-08-02","TestCreateBudgets","Integration Tests","",""
"","1","Successfully fetch status of a PROCESSED report","FinMate Backend","2026-08-02","passed","2026-08-02","TestGetReportStatus","Unit Tests","",""
"Test successful MonoToken deletion","67","Successfully delete Monobank API token","FinMate Backend","2026-08-02","passed","2026-08-02","TestDeleteMonoToken","Unit Tests","",""
"","1","Validation errors on invalid category update","FinMate Backend","2026-08-02","passed","2026-08-02","TestUpdateCategory","Unit Tests","",""
"","5","Fail to delete category with related budgets","FinMate Backend","2026-08-02","passed","2026-08-02","TestDeleteCategory","Unit Tests","",""
"Validation error for invalid input data","1","Validation errors on invalid transaction payloads","FinMate Backend","2026-08-02","passed","2026-08-02","TestCreateTransaction","Unit Tests","",""
"","3","Fail generation if no transactions found for period","FinMate Backend","2026-08-02","passed","2026-08-02","TestGeneratePDFReport","Unit Tests","",""
"","3","API Validation errors on password change","FinMate Backend","2026-08-02","passed","2026-08-02","TestChangePassword","Integration Tests","",""
"Validation error for invalid input data during transaction update","1","Validation errors on invalid transaction fields during update","FinMate Backend","2026-08-02","passed","2026-08-02","TestUpdateTransaction","Unit Tests","",""
"Attempting to update forbidden fields of a synchronized transaction","1","Fail to update forbidden fields for a synchronized transaction","FinMate Backend","2026-08-02","passed","2026-08-02","TestUpdateTransaction","Unit Tests","",""
"","12","Validation errors on invalid payload during creation","FinMate Backend","2026-08-02","passed","2026-08-02","TestCreateBudget","Unit Tests","",""
"","1","Calculate percentage change (current=50, previous=100)","FinMate Backend","2026-08-02","passed","2026-08-02","TestDashboardStaticMethods","Unit Tests","",""
"","0","Calculate percentage change (current=150, previous=100)","FinMate Backend","2026-08-02","passed","2026-08-02","TestDashboardStaticMethods","Unit Tests","",""
"","4","Return 202 Accepted if PENDING report is still processing in background","FinMate Backend","2026-08-02","passed","2026-08-02","TestGetReportStatus","Integration Tests","",""
"","12","Successfully update transaction via API","FinMate Backend","2026-08-02","passed","2026-08-02","TestUpdateTransactions","Integration Tests","",""
"","1","Return 202 Accepted if PENDING report is still processing (No Redis result)","FinMate Backend","2026-08-02","passed","2026-08-02","TestGetReportStatus","Unit Tests","",""
"","2","Mark report as EXPIRED if deadline passed during status check","FinMate Backend","2026-08-02","passed","2026-08-02","TestGetReportStatus","Unit Tests","",""
"","2","Successful retrieval of dashboard data for a valid period","FinMate Backend","2026-08-02","passed","2026-08-02","TestDashboardService","Unit Tests","",""
"","2","Successfully register a new user","FinMate Backend","2026-08-02","passed","2026-08-02","TestCreateUser","Unit Tests","",""
"","4","Sync successfully flushes DB and registers commit hooks","FinMate Backend","2026-08-02","passed","2026-08-02","TestMonobankService","Unit Tests","",""
"","3","Login fails when user is not found in DB","FinMate Backend","2026-08-02","passed","2026-08-02","TestLoginUser","Unit Tests","",""
"Validation error for invalid input data","1","Validation errors on invalid transaction payloads","FinMate Backend","2026-08-02","passed","2026-08-02","TestCreateTransaction","Unit Tests","",""
"Successful retrieval of a transaction by ID","1","Successfully retrieve a transaction by ID","FinMate Backend","2026-08-02","passed","2026-08-02","TestGetTransaction","Unit Tests","",""
"","14","Fail report generation when no transactions exist for period","FinMate Backend","2026-08-02","passed","2026-08-02","TestGenerateReport","Integration Tests","",""
"Validation error for invalid input data","1","Validation errors on invalid transaction payloads","FinMate Backend","2026-08-02","passed","2026-08-02","TestCreateTransaction","Unit Tests","",""
"","2","Refresh fails if user no longer exists","FinMate Backend","2026-08-02","passed","2026-08-02","TestRefreshAccessToken","Unit Tests","",""
"","1","Validation fails on invalid date payloads","FinMate Backend","2026-08-02","passed","2026-08-02","TestGeneratePDFReport","Unit Tests","",""
"","1","Return 400 Bad Request if report is already EXPIRED","FinMate Backend","2026-08-02","passed","2026-08-02","TestGetReportStatus","Unit Tests","",""
"Successful non-synchronized transaction update","1","Successfully update non-synchronized transaction fields","FinMate Backend","2026-08-02","passed","2026-08-02","TestUpdateTransaction","Unit Tests","",""
"","1","Fail to fetch report history without authorization","FinMate Backend","2026-08-02","passed","2026-08-02","TestGetReportHistory","Integration Tests","",""
"","7","API Validation errors on category update","FinMate Backend","2026-08-02","passed","2026-08-02","TestUpdateCategory","Integration Tests","",""
"Test successful user update","3","Successfully update valid user fields","FinMate Backend","2026-08-02","passed","2026-08-02","TestProfileUpdate","Unit Tests","",""
"","2","Mark PENDING report as FAILED if generation timeout exceeded","FinMate Backend","2026-08-02","passed","2026-08-02","TestGetReportStatus","Unit Tests","",""
"Verify that the method correctly recalculates the initial point based on last_real_balance and current Mono balance","2","Successfully recalculate initial point balance","FinMate Backend","2026-08-02","passed","2026-08-02","TestRecalculateInitialPoint","Unit Tests","",""
"Validation error for invalid input data","1","Validation errors on invalid transaction payloads","FinMate Backend","2026-08-02","passed","2026-08-02","TestCreateTransaction","Unit Tests","",""
"","12","Successfully update transaction via API","FinMate Backend","2026-08-02","passed","2026-08-02","TestUpdateTransactions","Integration Tests","",""
"","3","Synchronization handles empty transaction list gracefully","FinMate Backend","2026-08-02","passed","2026-08-02","TestMonobankService","Unit Tests","",""
"","2","API Validation errors on password change","FinMate Backend","2026-08-02","passed","2026-08-02","TestChangePassword","Integration Tests","",""
"","2","API Validation errors on budget creation","FinMate Backend","2026-08-02","passed","2026-08-02","TestCreateBudgets","Integration Tests","",""
"","4","Fail to delete the 'Uncategorized' default category","FinMate Backend","2026-08-02","passed","2026-08-02","TestDeleteCategory","Unit Tests","",""
"","2","API Validation errors on budget creation","FinMate Backend","2026-08-02","passed","2026-08-02","TestCreateBudgets","Integration Tests","",""
"","2","Synchronization fails on Monobank rate limit (429)","FinMate Backend","2026-08-02","passed","2026-08-02","TestMonobankService","Unit Tests","",""
"Test successful user update","2","Successfully update valid user fields","FinMate Backend","2026-08-02","passed","2026-08-02","TestProfileUpdate","Unit Tests","",""
"","3","Automatically create 'Uncategorized' category for new income","FinMate Backend","2026-08-02","passed","2026-08-02","TestMonobankService","Unit Tests","",""
"","5","Successfully start new generation if previous report is EXPIRED","FinMate Backend","2026-08-02","passed","2026-08-02","TestGeneratePDFReport","Unit Tests","",""
"","14","Validation errors on invalid payload during creation","FinMate Backend","2026-08-02","passed","2026-08-02","TestCreateBudget","Unit Tests","",""
"","89","API Validation errors on password change","FinMate Backend","2026-08-02","passed","2026-08-02","TestChangePassword","Integration Tests","",""
"","11","API Validation errors on transaction update","FinMate Backend","2026-08-02","passed","2026-08-02","TestUpdateTransactions","Integration Tests","",""
"","4","Fail login for non-existent user","FinMate Backend","2026-08-02","passed","2026-08-02","TestLogin","Integration Tests","",""
"","2","Fail update if payload contains empty/None values","FinMate Backend","2026-08-02","passed","2026-08-02","TestUpdateTransaction","Unit Tests","",""
"Validation error for invalid input data","2","Validation errors on invalid transaction payloads","FinMate Backend","2026-08-02","passed","2026-08-02","TestCreateTransaction","Unit Tests","",""
"","5","Handle invalid Redis JSON result (missing fileUrl) gracefully","FinMate Backend","2026-08-02","passed","2026-08-02","TestGetReportStatus","Integration Tests","",""
"","1","Fail to delete category without authorization","FinMate Backend","2026-08-02","passed","2026-08-02","TestDeleteCategory","Integration Tests","",""
"","7","Correctly fetch report history containing mixed statuses","FinMate Backend","2026-08-02","passed","2026-08-02","TestGetReportHistory","Integration Tests","",""
"","1","Return empty list if user is not found","FinMate Backend","2026-08-02","passed","2026-08-02","TestGetReportHistory","Unit Tests","",""
"","1","Validation fails on invalid date payloads","FinMate Backend","2026-08-02","passed","2026-08-02","TestGeneratePDFReport","Unit Tests","",""
"","8","API Validation errors on transaction update","FinMate Backend","2026-08-02","passed","2026-08-02","TestUpdateTransactions","Integration Tests","",""
"","2","Fail generation if user is not found","FinMate Backend","2026-08-02","passed","2026-08-02","TestGeneratePDFReport","Unit Tests","",""
"","2","Retrieve all categories for a user","FinMate Backend","2026-08-02","passed","2026-08-02","TestGetCategories","Unit Tests","",""
"","1","Fail to retrieve transaction without authorization","FinMate Backend","2026-08-02","passed","2026-08-02","TestGetTransactions","Integration Tests","",""
"","10","Fail to create category with duplicate name","FinMate Backend","2026-08-02","passed","2026-08-02","TestCreateCategory","Integration Tests","",""
"","2","API Validation errors on category creation","FinMate Backend","2026-08-02","passed","2026-08-02","TestCreateCategory","Integration Tests","",""
"","188","Successfully login user and receive JWT token","FinMate Backend","2026-08-02","passed","2026-08-02","TestLogin","Integration Tests","",""
"","1","Fail status check if report is not found","FinMate Backend","2026-08-02","passed","2026-08-02","TestGetReportStatus","Unit Tests","",""
"","2","Successfully fetch report history list","FinMate Backend","2026-08-02","passed","2026-08-02","TestGetReportHistory","Unit Tests","",""
"","7","API Validation errors on transaction update","FinMate Backend","2026-08-02","passed","2026-08-02","TestUpdateTransactions","Integration Tests","",""
"","14","Start new report generation if previous link EXPIRED","FinMate Backend","2026-08-02","passed","2026-08-02","TestGenerateReport","Integration Tests","",""
"","2","API Validation errors on transaction creation","FinMate Backend","2026-08-02","passed","2026-08-02","TestCreateTransactions","Integration Tests","",""
"","22","Successfully delete category via API","FinMate Backend","2026-08-02","passed","2026-08-02","TestDeleteCategory","Integration Tests","",""
"Validation error for invalid input data during transaction update","1","Validation errors on invalid transaction fields during update","FinMate Backend","2026-08-02","passed","2026-08-02","TestUpdateTransaction","Unit Tests","",""
"Successful non-synchronized transaction update","2","Successfully update non-synchronized transaction fields","FinMate Backend","2026-08-02","passed","2026-08-02","TestUpdateTransaction","Unit Tests","",""
"","7","Successfully update Monobank token","FinMate Backend","2026-08-02","passed","2026-08-02","TestChangeToken","Integration Tests","",""
"","3","Fail to update non-existent category","FinMate Backend","2026-08-02","passed","2026-08-02","TestUpdateCategory","Unit Tests","",""
"Test validation schema with empty fields","1","Fail to update if payload contains empty/None fields","FinMate Backend","2026-08-02","passed","2026-08-02","TestProfileUpdate","Unit Tests","",""
"","7","API Validation errors on transaction update","FinMate Backend","2026-08-02","passed","2026-08-02","TestUpdateTransactions","Integration Tests","",""
"","8","API Validation errors on transaction update","FinMate Backend","2026-08-02","passed","2026-08-02","TestUpdateTransactions","Integration Tests","",""
"","11","Successfully create category via API","FinMate Backend","2026-08-02","passed","2026-08-02","TestCreateCategory","Integration Tests","",""
"","2","Fail to retrieve non-existent profile","FinMate Backend","2026-08-02","passed","2026-08-02","TestProfileGet","Unit Tests","",""
"","9","API Validation errors on budget update","FinMate Backend","2026-08-02","passed","2026-08-02","TestUpdateBudgets","Integration Tests","",""
"Test successful password change","3","Successfully change user password","FinMate Backend","2026-08-02","passed","2026-08-02","TestChangePassword","Unit Tests","",""
"","1","Synchronization fails on Monobank API exception","FinMate Backend","2026-08-02","passed","2026-08-02","TestMonobankService","Unit Tests","",""
"","7","API Validation errors on transaction update","FinMate Backend","2026-08-02","passed","2026-08-02","TestUpdateTransactions","Integration Tests","",""
"","13","Successfully delete budget via API","FinMate Backend","2026-08-02","passed","2026-08-02","TestDeleteBudgets","Integration Tests","",""
"Test MonoToken update with invalid token","1","Validation errors on invalid Monobank API token","FinMate Backend","2026-08-02","passed","2026-08-02","TestUpdateMonoToken","Unit Tests","",""
"","2","Sync fails when Monobank returns no accounts","FinMate Backend","2026-08-02","passed","2026-08-02","TestMonobankService","Unit Tests","",""
"","7","Successfully create transaction via API","FinMate Backend","2026-08-02","passed","2026-08-02","TestCreateTransactions","Integration Tests","",""
"","3","Fail to delete non-existent category","FinMate Backend","2026-08-02","passed","2026-08-02","TestDeleteCategory","Integration Tests","",""
"","2","API Validation errors on registration","FinMate Backend","2026-08-02","passed","2026-08-02","TestRegister","Integration Tests","",""
"","150","Successfully register a new user via API","FinMate Backend","2026-08-02","passed","2026-08-02","TestRegister","Integration Tests","",""
"","0","Validation errors on invalid category update","FinMate Backend","2026-08-02","passed","2026-08-02","TestUpdateCategory","Unit Tests","",""
"Validation error for invalid input data","0","Validation errors on invalid transaction payloads","FinMate Backend","2026-08-02","passed","2026-08-02","TestCreateTransaction","Unit Tests","",""
"","20","Successfully create budget via API","FinMate Backend","2026-08-02","passed","2026-08-02","TestCreateBudgets","Integration Tests","",""
"","3","Fail to create budget if user reached limit","FinMate Backend","2026-08-02","passed","2026-08-02","TestCreateBudget","Unit Tests","",""
"","7","API Validation errors on transaction update","FinMate Backend","2026-08-02","passed","2026-08-02","TestUpdateTransactions","Integration Tests","",""
"","8","API Validation errors on transaction update","FinMate Backend","2026-08-02","passed","2026-08-02","TestUpdateTransactions","Integration Tests","",""
"Validation error for invalid input data during transaction update","1","Validation errors on invalid transaction fields during update","FinMate Backend","2026-08-02","passed","2026-08-02","TestUpdateTransaction","Unit Tests","",""
"","2","Retrieve stats when user has no active budgets","FinMate Backend","2026-08-02","passed","2026-08-02","TestGetBudgets","Unit Tests","",""
"","3","API Validation errors on category creation","FinMate Backend","2026-08-02","passed","2026-08-02","TestCreateCategory","Integration Tests","",""
"Validation error for invalid input data","1","Validation errors on invalid transaction payloads","FinMate Backend","2026-08-02","passed","2026-08-02","TestCreateTransaction","Unit Tests","",""
"","7","API Validation errors on category update","FinMate Backend","2026-08-02","passed","2026-08-02","TestUpdateCategory","Integration Tests","",""
"Successful non-synchronized transaction update","2","Successfully update non-synchronized transaction fields","FinMate Backend","2026-08-02","passed","2026-08-02","TestUpdateTransaction","Unit Tests","",""
"","26","Verify dashboard chart generation structure","FinMate Backend","2026-08-02","passed","2026-08-02","TestGetDashboard","Integration Tests","",""
"","4","API Validation errors on category creation","FinMate Backend","2026-08-02","passed","2026-08-02","TestCreateCategory","Integration Tests","",""
"Successful non-synchronized transaction update","2","Successfully update non-synchronized transaction fields","FinMate Backend","2026-08-02","passed","2026-08-02","TestUpdateTransaction","Unit Tests","",""
"","12","Validation errors on invalid payload during creation","FinMate Backend","2026-08-02","passed","2026-08-02","TestCreateBudget","Unit Tests","",""
"","8","API Validation errors on budget update","FinMate Backend","2026-08-02","passed","2026-08-02","TestUpdateBudgets","Integration Tests","",""
"","3","API Validation errors on budget creation","FinMate Backend","2026-08-02","passed","2026-08-02","TestCreateBudgets","Integration Tests","",""
"Test validation schema with no valid fields","1","Validation errors on invalid profile fields","FinMate Backend","2026-08-02","passed","2026-08-02","TestProfileUpdate","Unit Tests","",""
"","1","Validation fails on invalid date payloads","FinMate Backend","2026-08-02","passed","2026-08-02","TestGeneratePDFReport","Unit Tests","",""
"","1","Return empty list if user has no report history","FinMate Backend","2026-08-02","passed","2026-08-02","TestGetReportHistory","Unit Tests","",""
"No valid changes detected in the update payload","2","Fail update if payload is empty","FinMate Backend","2026-08-02","passed","2026-08-02","TestUpdateTransaction","Unit Tests","",""
"","1","Fail to retrieve dashboard without authorization","FinMate Backend","2026-08-02","passed","2026-08-02","TestGetDashboard","Integration Tests","",""
"Validation error for invalid input data during transaction update","1","Validation errors on invalid transaction fields during update","FinMate Backend","2026-08-02","passed","2026-08-02","TestUpdateTransaction","Unit Tests","",""
"","14","Start new report generation if previous attempt FAILED","FinMate Backend","2026-08-02","passed","2026-08-02","TestGenerateReport","Integration Tests","",""
"","2","Fail to delete category with both transactions and budgets","FinMate Backend","2026-08-02","passed","2026-08-02","TestDeleteCategory","Unit Tests","",""
"","4","Fail to update non-existent category (404 Not Found)","FinMate Backend","2026-08-02","passed","2026-08-02","TestUpdateCategory","Integration Tests","",""
"Test validation schema with empty fields","1","Fail to update if payload contains empty/None fields","FinMate Backend","2026-08-02","passed","2026-08-02","TestProfileUpdate","Unit Tests","",""
"","2","Login fails with incorrect password","FinMate Backend","2026-08-02","passed","2026-08-02","TestLoginUser","Unit Tests","",""
"","2","Fail update if payload contains empty/None values","FinMate Backend","2026-08-02","passed","2026-08-02","TestUpdateTransaction","Unit Tests","",""
"","5","Fail to update category if new name is duplicated","FinMate Backend","2026-08-02","passed","2026-08-02","TestUpdateCategory","Unit Tests","",""
"","3","Update DB and return 200 OK if PENDING report result is ready in Redis","FinMate Backend","2026-08-02","passed","2026-08-02","TestGetReportStatus","Unit Tests","",""
"","3","API Validation errors on category creation","FinMate Backend","2026-08-02","passed","2026-08-02","TestCreateCategory","Integration Tests","",""
"Validation error for invalid input data","0","Validation errors on invalid transaction payloads","FinMate Backend","2026-08-02","passed","2026-08-02","TestCreateTransaction","Unit Tests","",""
"Validation error for invalid input data","1","Validation errors on invalid transaction payloads","FinMate Backend","2026-08-02","passed","2026-08-02","TestCreateTransaction","Unit Tests","",""
"Cannot delete a synchronized bank transaction","4","Fail to delete a synchronized bank transaction","FinMate Backend","2026-08-02","passed","2026-08-02","TestDeleteTransaction","Unit Tests","",""
"","2","Handle Redis errors gracefully on status check","FinMate Backend","2026-08-02","passed","2026-08-02","TestGetReportStatus","Unit Tests","",""
"Validation error for invalid input data","1","Validation errors on invalid transaction payloads","FinMate Backend","2026-08-02","passed","2026-08-02","TestCreateTransaction","Unit Tests","",""
"","2","Refresh fails if token does not match DB (revoked/replaced)","FinMate Backend","2026-08-02","passed","2026-08-02","TestRefreshAccessToken","Unit Tests","",""
"","182","Fail login with incorrect password","FinMate Backend","2026-08-02","passed","2026-08-02","TestLogin","Integration Tests","",""
"","2","API Validation errors on transaction creation","FinMate Backend","2026-08-02","passed","2026-08-02","TestCreateTransactions","Integration Tests","",""
"","2","Successfully create category without MCC code","FinMate Backend","2026-08-02","passed","2026-08-02","TestCreateCategory","Unit Tests","",""
"","1","Return empty list when user has no categories","FinMate Backend","2026-08-02","passed","2026-08-02","TestGetCategories","Unit Tests","",""
"","3","API Validation errors on missing required fields","FinMate Backend","2026-08-02","passed","2026-08-02","TestGenerateReport","Integration Tests","",""
"","3","Successfully delete Monobank token","FinMate Backend","2026-08-02","passed","2026-08-02","TestChangeToken","Integration Tests","",""
"Test MonoToken update with invalid token","1","Validation errors on invalid Monobank API token","FinMate Backend","2026-08-02","passed","2026-08-02","TestUpdateMonoToken","Unit Tests","",""
"Successful non-synchronized transaction update","2","Successfully update non-synchronized transaction fields","FinMate Backend","2026-08-02","passed","2026-08-02","TestUpdateTransaction","Unit Tests","",""
"","1","Calculate balance dynamics for 'all' period","FinMate Backend","2026-08-02","passed","2026-08-02","TestDashboardService","Unit Tests","",""
"","2","API Validation errors on budget creation","FinMate Backend","2026-08-02","passed","2026-08-02","TestCreateBudgets","Integration Tests","",""
"Test validation schema with no valid fields","1","Validation errors on invalid profile fields","FinMate Backend","2026-08-02","passed","2026-08-02","TestProfileUpdate","Unit Tests","",""
"","1","Fail to delete budget without authorization","FinMate Backend","2026-08-02","passed","2026-08-02","TestDeleteBudgets","Integration Tests","",""
"","15","Retrieve all budgets with valid statistics (is_recurring=False)","FinMate Backend","2026-08-02","passed","2026-08-02","TestGetBudgets","Unit Tests","",""
"Test MonoToken update with invalid token","1","Validation errors on invalid Monobank API token","FinMate Backend","2026-08-02","passed","2026-08-02","TestUpdateMonoToken","Unit Tests","",""
"Test MonoToken deletion for a non-existent user","2","Fail to delete Monobank token for non-existent user","FinMate Backend","2026-08-02","passed","2026-08-02","TestDeleteMonoToken","Unit Tests","",""
"","7","API Validation errors on category update","FinMate Backend","2026-08-02","passed","2026-08-02","TestUpdateCategory","Integration Tests","",""
"Validation error for invalid input data","1","Validation errors on invalid transaction payloads","FinMate Backend","2026-08-02","passed","2026-08-02","TestCreateTransaction","Unit Tests","",""
"","4","Fail to retrieve status for non-existent report","FinMate Backend","2026-08-02","passed","2026-08-02","TestGetReportStatus","Integration Tests","",""
"Validation error for invalid input data during transaction update","1","Validation errors on invalid transaction fields during update","FinMate Backend","2026-08-02","passed","2026-08-02","TestUpdateTransaction","Unit Tests","",""
"","12","API Validation errors on budget update","FinMate Backend","2026-08-02","passed","2026-08-02","TestUpdateBudgets","Integration Tests","",""
"","2","Fail to change currency with invalid data","FinMate Backend","2026-08-02","passed","2026-08-02","TestChangeCurrency","Integration Tests","",""
"Test password change for a non-existent user","85","Fail to change password for non-existent user","FinMate Backend","2026-08-02","passed","2026-08-02","TestChangePassword","Unit Tests","",""
"","14","Successfully update transaction via API","FinMate Backend","2026-08-02","passed","2026-08-02","TestUpdateTransactions","Integration Tests","",""
"Validation error for invalid input data","1","Validation errors on invalid transaction payloads","FinMate Backend","2026-08-02","passed","2026-08-02","TestCreateTransaction","Unit Tests","",""
"","2","API Validation errors on transaction creation","FinMate Backend","2026-08-02","passed","2026-08-02","TestCreateTransactions","Integration Tests","",""
"Category not found or access denied","2","Fail creation if assigned category is missing","FinMate Backend","2026-08-02","passed","2026-08-02","TestCreateTransaction","Unit Tests","",""
"","1","Fail to update Monobank token without authorization","FinMate Backend","2026-08-02","passed","2026-08-02","TestChangeToken","Integration Tests","",""
"","4","Successfully refresh tokens (remember_me=False)","FinMate Backend","2026-08-02","passed","2026-08-02","TestRefreshAccessToken","Unit Tests","",""
"","0","Calculate percentage change (current=100, previous=100)","FinMate Backend","2026-08-02","passed","2026-08-02","TestDashboardStaticMethods","Unit Tests","",""
"Test deleting a non-existent user","1","Fail to delete non-existent user profile","FinMate Backend","2026-08-02","passed","2026-08-02","TestDeleteUser","Unit Tests","",""
"Attempting to update forbidden fields of a synchronized transaction","1","Fail to update forbidden fields for a synchronized transaction","FinMate Backend","2026-08-02","passed","2026-08-02","TestUpdateTransaction","Unit Tests","",""
"","0","Calculate percentage change (current=0, previous=100)","FinMate Backend","2026-08-02","passed","2026-08-02","TestDashboardStaticMethods","Unit Tests","",""
"","18","Handle fallback gracefully when Redis fails (400 and FAILED status)","FinMate Backend","2026-08-02","passed","2026-08-02","TestGenerateReport","Integration Tests","",""
"","3","Fail to create a budget if category is not found","FinMate Backend","2026-08-02","passed","2026-08-02","TestCreateBudget","Unit Tests","",""
"","7","Successfully create transaction via API","FinMate Backend","2026-08-02","passed","2026-08-02","TestCreateTransactions","Integration Tests","",""
"","12","Successfully update transaction via API","FinMate Backend","2026-08-02","passed","2026-08-02","TestUpdateTransactions","Integration Tests","",""
"","26","Verify dashboard statistics calculation","FinMate Backend","2026-08-02","passed","2026-08-02","TestGetDashboard","Integration Tests","",""
"","1","Validation errors on invalid payload during creation","FinMate Backend","2026-08-02","passed","2026-08-02","TestCreateCategory","Unit Tests","",""
"","7","API Validation errors on category update","FinMate Backend","2026-08-02","passed","2026-08-02","TestUpdateCategory","Integration Tests","",""
"","34","Successfully retrieve all budgets with calculated stats","FinMate Backend","2026-08-02","passed","2026-08-02","TestGetBudgets","Integration Tests","",""
"","1","Validation fails on invalid date payloads","FinMate Backend","2026-08-02","passed","2026-08-02","TestGeneratePDFReport","Unit Tests","",""
"","3","API Validation errors on transaction creation","FinMate Backend","2026-08-02","passed","2026-08-02","TestCreateTransactions","Integration Tests","",""
"","13","Validation errors on invalid payload during creation","FinMate Backend","2026-08-02","passed","2026-08-02","TestCreateBudget","Unit Tests","",""
"","1","Validation errors on invalid payload during creation","FinMate Backend","2026-08-02","passed","2026-08-02","TestCreateCategory","Unit Tests","",""
"","3","API Validation errors on transaction creation","FinMate Backend","2026-08-02","passed","2026-08-02","TestCreateTransactions","Integration Tests","",""
"","2","API Validation errors on budget creation","FinMate Backend","2026-08-02","passed","2026-08-02","TestCreateBudgets","Integration Tests","",""
"","15","Successfully update existing budget via API","FinMate Backend","2026-08-02","passed","2026-08-02","TestUpdateBudgets","Integration Tests","",""
"Successful non-synchronized transaction update","3","Successfully update non-synchronized transaction fields","FinMate Backend","2026-08-02","passed","2026-08-02","TestUpdateTransaction","Unit Tests","",""
"","13","Validation errors on invalid payload during creation","FinMate Backend","2026-08-02","passed","2026-08-02","TestCreateBudget","Unit Tests","",""
"","49","Fail to create budget exceeding maximum limit","FinMate Backend","2026-08-02","passed","2026-08-02","TestCreateBudgets","Integration Tests","",""
"","3","API Validation errors on transaction creation","FinMate Backend","2026-08-02","passed","2026-08-02","TestCreateTransactions","Integration Tests","",""
"Attempting to update forbidden fields of a synchronized transaction","2","Fail to update forbidden fields for a synchronized transaction","FinMate Backend","2026-08-02","passed","2026-08-02","TestUpdateTransaction","Unit Tests","",""
"Successful transaction deletion","4","Successfully delete a manual transaction","FinMate Backend","2026-08-02","passed","2026-08-02","TestDeleteTransaction","Unit Tests","",""
"","1","Return 400 Bad Request if report has FAILED status","FinMate Backend","2026-08-02","passed","2026-08-02","TestGetReportStatus","Unit Tests","",""
"","3","API Validation errors on password change","FinMate Backend","2026-08-02","passed","2026-08-02","TestChangePassword","Integration Tests","",""
"","4","Successfully refresh tokens (remember_me=True)","FinMate Backend","2026-08-02","passed","2026-08-02","TestRefreshAccessToken","Unit Tests","",""
"Validation error for invalid input data","1","Validation errors on invalid transaction payloads","FinMate Backend","2026-08-02","passed","2026-08-02","TestCreateTransaction","Unit Tests","",""
"Attempting to update forbidden fields of a synchronized transaction","1","Fail to update forbidden fields for a synchronized transaction","FinMate Backend","2026-08-02","passed","2026-08-02","TestUpdateTransaction","Unit Tests","",""
"","4","Successfully retrieve all categories","FinMate Backend","2026-08-02","passed","2026-08-02","TestGetCategories","Integration Tests","",""
"","2","Fail update if payload contains empty/None values","FinMate Backend","2026-08-02","passed","2026-08-02","TestUpdateTransaction","Unit Tests","",""
"","1","Fail to update transaction without authorization","FinMate Backend","2026-08-02","passed","2026-08-02","TestUpdateTransactions","Integration Tests","",""
"Successful update of allowed fields for a synchronized transaction","2","Update allowed fields (category/note) for a synchronized transaction","FinMate Backend","2026-08-02","passed","2026-08-02","TestUpdateTransaction","Unit Tests","",""
"","3","Sync fails if user has no valid Mono API token","FinMate Backend","2026-08-02","passed","2026-08-02","TestMonobankService","Unit Tests","",""
"","7","API Validation errors on transaction update","FinMate Backend","2026-08-02","passed","2026-08-02","TestUpdateTransactions","Integration Tests","",""
"","11","API Validation errors on budget update","FinMate Backend","2026-08-02","passed","2026-08-02","TestUpdateBudgets","Integration Tests","",""
"Attempting to update forbidden fields of a synchronized transaction","2","Fail to update forbidden fields for a synchronized transaction","FinMate Backend","2026-08-02","passed","2026-08-02","TestUpdateTransaction","Unit Tests","",""
"Transaction not found or access denied","1","Fail to delete non-existent transaction","FinMate Backend","2026-08-02","passed","2026-08-02","TestDeleteTransaction","Unit Tests","",""
"","12","Validation errors on invalid payload during creation","FinMate Backend","2026-08-02","passed","2026-08-02","TestCreateBudget","Unit Tests","",""
"","1","Fail to update budget if category is not found","FinMate Backend","2026-08-02","passed","2026-08-02","TestUpdateBudget","Unit Tests","",""
"Validation error for invalid input data during transaction update","1","Validation errors on invalid transaction fields during update","FinMate Backend","2026-08-02","passed","2026-08-02","TestUpdateTransaction","Unit Tests","",""
"","0","Calculate percentage change (current=100, previous=0)","FinMate Backend","2026-08-02","passed","2026-08-02","TestDashboardStaticMethods","Unit Tests","",""
"","1","Fail update if payload contains empty/None values","FinMate Backend","2026-08-02","passed","2026-08-02","TestUpdateTransaction","Unit Tests","",""
"","1","Check offset calculation for transaction history pagination","FinMate Backend","2026-08-02","passed","2026-08-02","TestDashboardService","Unit Tests","",""
"","2","Fail generation if report is already in PENDING status","FinMate Backend","2026-08-02","passed","2026-08-02","TestGeneratePDFReport","Unit Tests","",""
"","1","Validation fails on invalid date payloads","FinMate Backend","2026-08-02","passed","2026-08-02","TestGeneratePDFReport","Unit Tests","",""
"","3","Return existing processed report if requested again","FinMate Backend","2026-08-02","passed","2026-08-02","TestGeneratePDFReport","Unit Tests","",""
"","1","Validation fails on invalid date payloads","FinMate Backend","2026-08-02","passed","2026-08-02","TestGeneratePDFReport","Unit Tests","",""
"","4","Successfully initiate PDF report generation (Async)","FinMate Backend","2026-08-02","passed","2026-08-02","TestGeneratePDFReport","Unit Tests","",""
"","86","Registration fails due to username conflict","FinMate Backend","2026-08-02","passed","2026-08-02","TestCreateUser","Unit Tests","",""
"","3","Fail to delete category with related transactions","FinMate Backend","2026-08-02","passed","2026-08-02","TestDeleteCategory","Unit Tests","",""
"","3","Successfully create category with MCC code","FinMate Backend","2026-08-02","passed","2026-08-02","TestCreateCategory","Unit Tests","",""
"","3","API Validation errors on transaction creation","FinMate Backend","2026-08-02","passed","2026-08-02","TestCreateTransactions","Integration Tests","",""
"Test validation schema with no valid fields","1","Validation errors on invalid profile fields","FinMate Backend","2026-08-02","passed","2026-08-02","TestProfileUpdate","Unit Tests","",""
"","3","Successfully delete a category","FinMate Backend","2026-08-02","passed","2026-08-02","TestDeleteCategory","Unit Tests","",""
"","15","Successfully update an existing budget","FinMate Backend","2026-08-02","passed","2026-08-02","TestUpdateBudget","Unit Tests","",""
"","265","Successfully change user password","FinMate Backend","2026-08-02","passed","2026-08-02","TestChangePassword","Integration Tests","",""
"","9","API Validation errors on budget update","FinMate Backend","2026-08-02","passed","2026-08-02","TestUpdateBudgets","Integration Tests","",""
"","4","Handle Redis errors gracefully during report generation","FinMate Backend","2026-08-02","passed","2026-08-02","TestGeneratePDFReport","Unit Tests","",""
"Validation error for invalid input data","0","Validation errors on invalid transaction payloads","FinMate Backend","2026-08-02","passed","2026-08-02","TestCreateTransaction","Unit Tests","",""
"Test successful user deletion","2","Successfully delete a user profile","FinMate Backend","2026-08-02","passed","2026-08-02","TestDeleteUser","Unit Tests","",""
"","2","Fail to change currency without authorization","FinMate Backend","2026-08-02","passed","2026-08-02","TestChangeCurrency","Integration Tests","",""
"","1","Validation fails on invalid date payloads","FinMate Backend","2026-08-02","passed","2026-08-02","TestGeneratePDFReport","Unit Tests","",""
"Attempting to update forbidden fields of a synchronized transaction","1","Fail to update forbidden fields for a synchronized transaction","FinMate Backend","2026-08-02","passed","2026-08-02","TestUpdateTransaction","Unit Tests","",""
"","1","Fail to retrieve status without authorization","FinMate Backend","2026-08-02","passed","2026-08-02","TestGetReportStatus","Integration Tests","",""
"","1","Validation fails on invalid date payloads","FinMate Backend","2026-08-02","passed","2026-08-02","TestGeneratePDFReport","Unit Tests","",""
"Test password change with invalid input data","2","Validation errors on invalid password payloads","FinMate Backend","2026-08-02","passed","2026-08-02","TestChangePassword","Unit Tests","",""
"Validation error for invalid input data","1","Validation errors on invalid transaction payloads","FinMate Backend","2026-08-02","passed","2026-08-02","TestCreateTransaction","Unit Tests","",""
"","3","API Validation errors on category creation","FinMate Backend","2026-08-02","passed","2026-08-02","TestCreateCategory","Integration Tests","",""
"","8","API Validation errors on transaction update","FinMate Backend","2026-08-02","passed","2026-08-02","TestUpdateTransactions","Integration Tests","",""
"","7","Successfully create transaction via API","FinMate Backend","2026-08-02","passed","2026-08-02","TestCreateTransactions","Integration Tests","",""
"Category not found or access denied during transaction update","4","Fail update if assigned category does not exist","FinMate Backend","2026-08-02","passed","2026-08-02","TestUpdateTransaction","Unit Tests","",""
"","1","Fail to create budget without authorization","FinMate Backend","2026-08-02","passed","2026-08-02","TestCreateBudgets","Integration Tests","",""
"","3","Fail update if no valid changes provided","FinMate Backend","2026-08-02","passed","2026-08-02","TestUpdateCategory","Unit Tests","",""
"","27","Successfully delete user account","FinMate Backend","2026-08-02","passed","2026-08-02","TestDeleteAccount","Integration Tests","",""
"Validation error for invalid input data during transaction update","2","Validation errors on invalid transaction fields during update","FinMate Backend","2026-08-02","passed","2026-08-02","TestUpdateTransaction","Unit Tests","",""
"","0","Calculate previous period start date (period=month)","FinMate Backend","2026-08-02","passed","2026-08-02","TestDashboardStaticMethods","Unit Tests","",""
"","5","Successfully start new generation if previous report FAILED","FinMate Backend","2026-08-02","passed","2026-08-02","TestGeneratePDFReport","Unit Tests","",""
"Test successful user update","2","Successfully update valid user fields","FinMate Backend","2026-08-02","passed","2026-08-02","TestProfileUpdate","Unit Tests","",""
"Test successful MonoToken update","3","Successfully update Monobank API token (encryption check)","FinMate Backend","2026-08-02","passed","2026-08-02","TestUpdateMonoToken","Unit Tests","",""
"","5","Return 410 Gone for expired report links","FinMate Backend","2026-08-02","passed","2026-08-02","TestGetReportStatus","Integration Tests","",""
"","6","Update DB and return 200 OK if PENDING report finished successfully in Redis","FinMate Backend","2026-08-02","passed","2026-08-02","TestGetReportStatus","Integration Tests","",""
"Test password change with invalid input data","2","Validation errors on invalid password payloads","FinMate Backend","2026-08-02","passed","2026-08-02","TestChangePassword","Unit Tests","",""
"Successful non-synchronized transaction update","2","Successfully update non-synchronized transaction fields","FinMate Backend","2026-08-02","passed","2026-08-02","TestUpdateTransaction","Unit Tests","",""
"","0","Handle None categories and None amounts in category charts","FinMate Backend","2026-08-02","passed","2026-08-02","TestDashboardService","Unit Tests","",""
"Validation error for invalid input data","1","Validation errors on invalid transaction payloads","FinMate Backend","2026-08-02","passed","2026-08-02","TestCreateTransaction","Unit Tests","",""
"","3","Successfully retrieve PROCESSED report status","FinMate Backend","2026-08-02","passed","2026-08-02","TestGetReportStatus","Integration Tests","",""
"","13","Successfully update transaction via API","FinMate Backend","2026-08-02","passed","2026-08-02","TestUpdateTransactions","Integration Tests","",""
"","3","Fail update if payload contains empty/None values","FinMate Backend","2026-08-02","passed","2026-08-02","TestUpdateTransaction","Unit Tests","",""
"Test password change with invalid input data","1","Validation errors on invalid password payloads","FinMate Backend","2026-08-02","passed","2026-08-02","TestChangePassword","Unit Tests","",""
"Validation error for invalid input data","1","Validation errors on invalid transaction payloads","FinMate Backend","2026-08-02","passed","2026-08-02","TestCreateTransaction","Unit Tests","",""
"","5","Mark PENDING report as FAILED if timeout exceeded","FinMate Backend","2026-08-02","passed","2026-08-02","TestGetReportStatus","Integration Tests","",""
"","2","API Validation errors on category creation","FinMate Backend","2026-08-02","passed","2026-08-02","TestCreateCategory","Integration Tests","",""
"","0","Calculate percentage change (current=33.333, previous=10)","FinMate Backend","2026-08-02","passed","2026-08-02","TestDashboardStaticMethods","Unit Tests","",""
"","86","Registration fails due to email conflict","FinMate Backend","2026-08-02","passed","2026-08-02","TestCreateUser","Unit Tests","",""
"","1","Check pagination ceiling math","FinMate Backend","2026-08-02","passed","2026-08-02","TestDashboardService","Unit Tests","",""
"","9","API Validation errors on budget update","FinMate Backend","2026-08-02","passed","2026-08-02","TestUpdateBudgets","Integration Tests","",""
"","25","Fail to create category exceeding maximum limit","FinMate Backend","2026-08-02","passed","2026-08-02","TestCreateCategory","Integration Tests","",""
"","3","Successfully retrieve current user profile","FinMate Backend","2026-08-02","passed","2026-08-02","TestGetUser","Integration Tests","",""
"","1","Validation fails on invalid date payloads","FinMate Backend","2026-08-02","passed","2026-08-02","TestGeneratePDFReport","Unit Tests","",""
"Attempting to update forbidden fields of a synchronized transaction","1","Fail to update forbidden fields for a synchronized transaction","FinMate Backend","2026-08-02","passed","2026-08-02","TestUpdateTransaction","Unit Tests","",""
"Test successful user update","2","Successfully update valid user fields","FinMate Backend","2026-08-02","passed","2026-08-02","TestProfileUpdate","Unit Tests","",""
"Validation error for invalid input data","1","Validation errors on invalid transaction payloads","FinMate Backend","2026-08-02","passed","2026-08-02","TestCreateTransaction","Unit Tests","",""
"","1","Validation fails on invalid date payloads","FinMate Backend","2026-08-02","passed","2026-08-02","TestGeneratePDFReport","Unit Tests","",""
"Attempting to update forbidden fields of a synchronized transaction","2","Fail to update forbidden fields for a synchronized transaction","FinMate Backend","2026-08-02","passed","2026-08-02","TestUpdateTransaction","Unit Tests","",""
"","31","Retrieve dashboard data with specific period filters","FinMate Backend","2026-08-02","passed","2026-08-02","TestGetDashboard","Integration Tests","",""
"Attempting to update forbidden fields of a synchronized transaction","2","Fail to update forbidden fields for a synchronized transaction","FinMate Backend","2026-08-02","passed","2026-08-02","TestUpdateTransaction","Unit Tests","",""
"Successful non-synchronized transaction update","3","Successfully update non-synchronized transaction fields","FinMate Backend","2026-08-02","passed","2026-08-02","TestUpdateTransaction","Unit Tests","",""
"","10","API Validation errors on budget update","FinMate Backend","2026-08-02","passed","2026-08-02","TestUpdateBudgets","Integration Tests","",""
"","7","Successfully fetch report history list","FinMate Backend","2026-08-02","passed","2026-08-02","TestGetReportHistory","Integration Tests","",""
"Validation error for invalid input data","1","Validation errors on invalid transaction payloads","FinMate Backend","2026-08-02","passed","2026-08-02","TestCreateTransaction","Unit Tests","",""
"","1","Check math for stats calculations (balances and percentages)","FinMate Backend","2026-08-02","passed","2026-08-02","TestDashboardService","Unit Tests","",""
"","10","Successfully retrieve transaction by ID","FinMate Backend","2026-08-02","passed","2026-08-02","TestGetTransactions","Integration Tests","",""
"","8","API Validation errors on transaction update","FinMate Backend","2026-08-02","passed","2026-08-02","TestUpdateTransactions","Integration Tests","",""
"","2","Sync fails on Forbidden Error (invalid/expired X-Token)","FinMate Backend","2026-08-02","passed","2026-08-02","TestMonobankService","Unit Tests","",""
"Test validation schema with no valid fields","1","Validation errors on invalid profile fields","FinMate Backend","2026-08-02","passed","2026-08-02","TestProfileUpdate","Unit Tests","",""
"","5","Successfully change user currency","FinMate Backend","2026-08-02","passed","2026-08-02","TestChangeCurrency","Integration Tests","",""
"Test updating username to one that is already taken","3","Fail to update if username is already taken","FinMate Backend","2026-08-02","passed","2026-08-02","TestProfileUpdate","Unit Tests","",""
"Validation error for invalid input data","1","Validation errors on invalid transaction payloads","FinMate Backend","2026-08-02","passed","2026-08-02","TestCreateTransaction","Unit Tests","",""
"Successful update of allowed fields for a synchronized transaction","2","Update allowed fields (category/note) for a synchronized transaction","FinMate Backend","2026-08-02","passed","2026-08-02","TestUpdateTransaction","Unit Tests","",""
"Test updating avatar to an invalid selection","3","Fail to update avatar with invalid selection","FinMate Backend","2026-08-02","passed","2026-08-02","TestProfileUpdate","Unit Tests","",""
"Validation error for invalid input data","1","Validation errors on invalid transaction payloads","FinMate Backend","2026-08-02","passed","2026-08-02","TestCreateTransaction","Unit Tests","",""
"","1","Fail to delete account without authorization","FinMate Backend","2026-08-02","passed","2026-08-02","TestDeleteAccount","Integration Tests","",""
"Test validation schema with no valid fields","1","Validation errors on invalid profile fields","FinMate Backend","2026-08-02","passed","2026-08-02","TestProfileUpdate","Unit Tests","",""
"","2","API Validation errors on profile update","FinMate Backend","2026-08-02","passed","2026-08-02","TestUpdateUser","Integration Tests","",""
